Team,Game,Opp Team,GP,W,L,T,OT,P,GF,GA,SF,SA,PPG,PP Opp,PP%,TS,PPGA,PK%,FOW,FOL,FOW%
"Detroit Red Wings","2015/11/18  vs. WSH","WSH","1","0","0","0","1","1","1","2","26","27","0","2","0.0","6","1","83.3","29","27","51.8"
"New York Islanders","2015/10/17  vs. SJS","SJS","1","1","0","0","0","2","6","3","34","25","1","3","33.3","2","0","100.0","37","28","56.9"
"Montréal Canadiens","2015/10/29  @ EDM","EDM","1","0","1","0","0","0","3","4","21","27","1","2","50.0","4","1","75.0","34","37","47.9"
"Vancouver Canucks","2015/11/12  @ OTT","OTT","1","0","1","0","0","0","2","3","35","25","1","3","33.3","4","2","50.0","30","22","57.7"
"Montréal Canadiens","2015/11/16  vs. VAN","VAN","1","1","0","0","0","2","4","3","36","26","0","4","0.0","6","2","66.7","38","27","58.5"
"Winnipeg Jets","2015/10/09  @ NJD","NJD","1","1","0","0","0","2","3","1","30","21","1","4","25.0","4","1","75.0","26","34","43.3"
"Nashville Predators","2015/11/17  vs. ANA","ANA","1","1","0","0","0","2","3","2","21","40","1","6","16.7","5","0","100.0","26","27","49.1"
"Ottawa Senators","2015/11/16  vs. DET","DET","1","0","0","0","1","1","3","4","25","37","1","2","50.0","2","0","100.0","40","26","60.6"
"New York Islanders","2015/10/29  vs. CAR","CAR","1","0","0","0","1","1","2","3","19","29","1","2","50.0","2","0","100.0","30","24","55.6"
"New Jersey Devils","2015/10/29  @ PHI","PHI","1","1","0","0","0","2","4","1","33","28","2","5","40.0","2","0","100.0","38","29","56.7"
"Tampa Bay Lightning","2015/11/14  vs. FLA","FLA","1","0","0","0","1","1","4","4","28","23","0","2","0.0","4","1","75.0","36","40","47.4"
"Los Angeles Kings","2015/11/03  @ STL","STL","1","1","0","0","0","2","3","0","34","24","1","5","20.0","4","0","100.0","30","34","46.9"
"Florida Panthers","2015/10/30  vs. BOS","BOS","1","0","1","0","0","0","1","3","32","30","1","6","16.7","3","2","33.3","29","34","46.0"
"Washington Capitals","2015/11/10  @ DET","DET","1","0","1","0","0","0","0","1","38","27","0","3","0.0","1","0","100.0","19","22","46.3"
"New Jersey Devils","2015/11/03  @ NYI","NYI","1","0","1","0","0","0","1","2","24","34","1","5","20.0","1","0","100.0","31","26","54.4"
"Arizona Coyotes","2015/10/30  vs. VAN","VAN","1","0","1","0","0","0","3","4","31","22","0","2","0.0","4","1","75.0","33","21","61.1"
"Philadelphia Flyers","2015/10/10  @ FLA","FLA","1","0","1","0","0","0","1","7","39","30","1","4","25.0","7","3","57.1","36","38","48.6"
"Tampa Bay Lightning","2015/10/12  @ BOS","BOS","1","1","0","0","0","2","6","3","23","30","2","4","50.0","4","3","25.0","29","30","49.2"
"Carolina Hurricanes","2015/11/10  @ NYR","NYR","1","0","1","0","0","0","0","3","33","23","0","6","0.0","2","0","100.0","37","21","63.8"
"Nashville Predators","2015/10/10  vs. EDM","EDM","1","1","0","0","0","2","2","0","26","31","0","2","0.0","5","0","100.0","34","37","47.9"
"Pittsburgh Penguins","2015/10/17  vs. TOR","TOR","1","1","0","0","0","2","2","1","33","27","0","5","0.0","4","0","100.0","27","34","44.3"
"Nashville Predators","2015/10/15  @ NYI","NYI","1","0","1","0","0","0","3","4","47","28","0","2","0.0","2","0","100.0","31","31","50.0"
"Los Angeles Kings","2015/11/02  @ CHI","CHI","1","0","1","0","0","0","2","4","35","26","0","2","0.0","1","0","100.0","27","37","42.2"
"Minnesota Wild","2015/10/22  vs. CBJ","CBJ","1","1","0","0","0","2","3","2","23","29","1","2","50.0","2","1","50.0","41","31","56.9"
"Chicago Blackhawks","2015/10/07  vs. NYR","NYR","1","0","1","0","0","0","2","3","34","27","0","1","0.0","0","0","0.0","30","27","52.6"
"Vancouver Canucks","2015/11/16  @ MTL","MTL","1","0","0","0","1","1","3","4","26","36","2","6","33.3","4","0","100.0","27","38","41.5"
"Arizona Coyotes","2015/10/26  @ TOR","TOR","1","1","0","0","0","2","4","3","24","27","2","4","50.0","2","0","100.0","39","26","60.0"
"Arizona Coyotes","2015/11/16  @ NYI","NYI","1","0","1","0","0","0","2","5","33","32","1","3","33.3","4","1","75.0","35","19","64.8"
"Chicago Blackhawks","2015/10/10  vs. NYI","NYI","1","1","0","0","0","2","4","1","34","29","1","7","14.3","2","0","100.0","26","26","50.0"
"New Jersey Devils","2015/10/10  @ WSH","WSH","1","0","1","0","0","0","3","5","24","27","1","3","33.3","5","2","60.0","30","38","44.1"
"Vancouver Canucks","2015/10/18  vs. EDM","EDM","1","0","0","0","1","1","1","2","34","24","0","2","0.0","2","1","50.0","31","15","67.4"
"Los Angeles Kings","2015/11/14  vs. EDM","EDM","1","1","0","0","0","2","4","3","28","25","0","4","0.0","3","0","100.0","31","27","53.4"
"Dallas Stars","2015/10/27  vs. ANA","ANA","1","1","0","0","0","2","4","3","34","20","1","3","33.3","4","1","75.0","32","32","50.0"
"Philadelphia Flyers","2015/11/05  @ CGY","CGY","1","0","0","0","1","1","1","2","27","30","0","2","0.0","2","0","100.0","30","34","46.9"
"Boston Bruins","2015/11/03  vs. DAL","DAL","1","0","1","0","0","0","3","5","39","19","1","4","25.0","4","3","25.0","39","27","59.1"
"Philadelphia Flyers","2015/10/27  vs. BUF","BUF","1","0","0","0","1","1","3","4","33","40","0","2","0.0","2","1","50.0","29","31","48.3"
"Dallas Stars","2015/11/02  @ TOR","TOR","1","0","1","0","0","0","1","4","44","26","0","2","0.0","5","2","60.0","39","43","47.6"
"Dallas Stars","2015/10/13  vs. EDM","EDM","1","1","0","0","0","2","4","2","52","28","0","4","0.0","1","0","100.0","38","23","62.3"
"New York Rangers","2015/11/12  vs. STL","STL","1","1","0","0","0","2","6","3","22","34","1","2","50.0","3","1","66.7","23","32","41.8"
"Carolina Hurricanes","2015/10/29  @ NYI","NYI","1","1","0","0","0","2","3","2","29","19","0","2","0.0","2","1","50.0","24","30","44.4"
"Nashville Predators","2015/10/22  vs. ANA","ANA","1","1","0","0","0","2","5","1","29","28","1","5","20.0","5","1","80.0","26","35","42.6"
"New York Rangers","2015/10/15  @ MTL","MTL","1","0","1","0","0","0","0","3","25","32","0","5","0.0","5","0","100.0","33","38","46.5"
"Edmonton Oilers","2015/10/18  @ VAN","VAN","1","1","0","0","0","2","2","1","24","34","1","2","50.0","2","0","100.0","15","31","32.6"
"Philadelphia Flyers","2015/10/21  @ BOS","BOS","1","1","0","0","0","2","5","4","37","30","1","2","50.0","3","1","66.7","33","24","57.9"
"St. Louis Blues","2015/10/16  @ VAN","VAN","1","1","0","0","0","2","4","3","32","34","0","4","0.0","5","0","100.0","30","31","49.2"
"Buffalo Sabres","2015/10/10  vs. TBL","TBL","1","0","1","0","0","0","1","4","25","31","0","2","0.0","3","0","100.0","35","24","59.3"
"Columbus Blue Jackets","2015/10/30  @ WSH","WSH","1","0","1","0","0","0","1","2","30","28","0","3","0.0","2","0","100.0","29","28","50.9"
"New York Islanders","2015/10/15  vs. NSH","NSH","1","1","0","0","0","2","4","3","28","47","0","2","0.0","2","0","100.0","31","31","50.0"
"Edmonton Oilers","2015/11/06  vs. PIT","PIT","1","0","1","0","0","0","1","2","28","33","0","2","0.0","4","1","75.0","30","33","47.6"
"Buffalo Sabres","2015/10/15  @ FLA","FLA","1","0","1","0","0","0","2","3","26","29","1","6","16.7","5","2","60.0","29","39","42.6"
"Florida Panthers","2015/11/19  vs. ANA","ANA","1","0","1","0","0","0","1","3","25","41","0","3","0.0","3","1","66.7","27","27","50.0"
"Colorado Avalanche","2015/10/18  @ LAK","LAK","1","0","1","0","0","0","1","2","23","40","1","6","16.7","4","0","100.0","25","36","41.0"
"San Jose Sharks","2015/10/19  @ NYR","NYR","1","0","1","0","0","0","0","4","22","28","0","2","0.0","1","1","0.0","30","20","60.0"
"Buffalo Sabres","2015/10/08  vs. OTT","OTT","1","0","1","0","0","0","1","3","27","22","1","3","33.3","0","0","0.0","30","42","41.7"
"San Jose Sharks","2015/11/13  @ DET","DET","1","1","0","0","0","2","3","2","14","28","0","1","0.0","2","0","100.0","25","24","51.0"
"Vancouver Canucks","2015/10/07  @ CGY","CGY","1","1","0","0","0","2","5","1","44","30","0","3","0.0","2","0","100.0","32","35","47.8"
"Philadelphia Flyers","2015/10/30  @ BUF","BUF","1","0","1","0","0","0","1","3","28","36","0","4","0.0","6","1","83.3","33","36","47.8"
"Montréal Canadiens","2015/11/11  @ PIT","PIT","1","0","0","0","1","1","3","3","38","34","1","4","25.0","4","0","100.0","36","34","51.4"
"Los Angeles Kings","2015/11/07  vs. FLA","FLA","1","1","0","0","0","2","4","1","35","19","1","1","100.0","3","0","100.0","40","28","58.8"
"St. Louis Blues","2015/10/10  @ MIN","MIN","1","0","1","0","0","0","2","3","32","19","1","3","33.3","3","1","66.7","25","28","47.2"
"Tampa Bay Lightning","2015/11/07  @ MIN","MIN","1","0","1","0","0","0","0","1","31","25","0","2","0.0","3","0","100.0","21","23","47.7"
"Pittsburgh Penguins","2015/11/17  vs. MIN","MIN","1","1","0","0","0","2","4","3","29","29","2","6","33.3","6","2","66.7","29","37","43.9"
"Chicago Blackhawks","2015/11/04  vs. STL","STL","1","0","0","0","1","1","5","6","43","29","1","5","20.0","2","1","50.0","42","35","54.5"
"Minnesota Wild","2015/10/30  vs. CHI","CHI","1","1","0","0","0","2","5","4","30","29","1","2","50.0","1","1","0.0","37","38","49.3"
"Florida Panthers","2015/11/04  @ ANA","ANA","1","0","0","0","1","1","2","2","25","39","0","3","0.0","5","1","80.0","32","39","45.1"
"Ottawa Senators","2015/10/28  vs. CGY","CGY","1","1","0","0","0","2","4","4","23","38","0","4","0.0","4","1","75.0","42","31","57.5"
"San Jose Sharks","2015/10/28  vs. NSH","NSH","1","0","1","0","0","0","1","2","21","24","0","2","0.0","2","0","100.0","37","16","69.8"
"Minnesota Wild","2015/11/05  vs. NSH","NSH","1","0","1","0","0","0","2","3","29","24","2","6","33.3","1","0","100.0","37","32","53.6"
"Minnesota Wild","2015/10/31  @ STL","STL","1","0","0","0","1","1","2","3","31","26","0","5","0.0","1","0","100.0","36","34","51.4"
"Vancouver Canucks","2015/11/07  @ BUF","BUF","1","0","1","0","0","0","2","3","37","22","0","2","0.0","2","1","50.0","22","34","39.3"
"Los Angeles Kings","2015/10/18  vs. COL","COL","1","1","0","0","0","2","2","1","40","23","0","4","0.0","6","1","83.3","36","25","59.0"
"Edmonton Oilers","2015/10/27  @ MIN","MIN","1","0","1","0","0","0","3","4","25","28","0","1","0.0","2","1","50.0","26","25","51.0"
"Buffalo Sabres","2015/11/07  vs. VAN","VAN","1","1","0","0","0","2","3","2","22","37","1","2","50.0","2","0","100.0","34","22","60.7"
"Ottawa Senators","2015/10/24  vs. ARI","ARI","1","0","1","0","0","0","1","4","36","26","0","3","0.0","2","0","100.0","31","30","50.8"
"Calgary Flames","2015/10/31  @ EDM","EDM","1","1","0","0","0","2","5","4","32","23","1","3","33.3","4","2","50.0","26","40","39.4"
"Chicago Blackhawks","2015/10/17  vs. CBJ","CBJ","1","1","0","0","0","2","4","1","30","23","2","5","40.0","2","0","100.0","27","21","56.3"
"Toronto Maple Leafs","2015/10/24  @ MTL","MTL","1","0","1","0","0","0","3","5","52","27","0","5","0.0","4","2","50.0","41","34","54.7"
"New York Islanders","2015/11/05  @ MTL","MTL","1","0","1","0","0","0","1","4","18","24","0","3","0.0","2","1","50.0","26","24","52.0"
"New York Rangers","2015/10/18  vs. NJD","NJD","1","0","0","0","1","1","1","2","27","24","0","2","0.0","3","0","100.0","26","20","56.5"
"Detroit Red Wings","2015/10/24  @ VAN","VAN","1","1","0","0","0","2","3","2","28","32","1","6","16.7","4","2","50.0","23","37","38.3"
"Washington Capitals","2015/11/19  vs. DAL","DAL","1","0","1","0","0","0","2","3","35","31","0","0","0.0","2","0","100.0","22","33","40.0"
"San Jose Sharks","2015/11/10  vs. NYI","NYI","1","0","1","0","0","0","2","4","36","25","0","2","0.0","2","0","100.0","30","29","50.8"
"Edmonton Oilers","2015/11/08  @ CHI","CHI","1","0","1","0","0","0","2","4","36","28","1","1","100.0","4","1","75.0","36","38","48.6"
"Columbus Blue Jackets","2015/11/06  @ ANA","ANA","1","0","1","0","0","0","2","4","36","34","0","2","0.0","3","1","66.7","21","35","37.5"
"Chicago Blackhawks","2015/11/08  vs. EDM","EDM","1","1","0","0","0","2","4","2","28","36","1","4","25.0","1","1","0.0","38","36","51.3"
"Columbus Blue Jackets","2015/11/19  @ OTT","OTT","1","0","1","0","0","0","0","3","25","29","0","3","0.0","5","1","80.0","29","36","44.6"
"Detroit Red Wings","2015/11/16  @ OTT","OTT","1","1","0","0","0","2","4","3","37","25","0","2","0.0","2","1","50.0","26","40","39.4"
"Tampa Bay Lightning","2015/10/31  vs. BOS","BOS","1","0","1","0","0","0","1","3","22","34","1","5","20.0","3","1","66.7","32","26","55.2"
"Detroit Red Wings","2015/10/23  @ CGY","CGY","1","0","0","0","1","1","2","3","29","40","2","4","50.0","3","0","100.0","32","30","51.6"
"Winnipeg Jets","2015/10/23  vs. TBL","TBL","1","0","0","0","1","1","3","4","36","31","0","1","0.0","2","0","100.0","30","34","46.9"
"Anaheim Ducks","2015/10/10  @ SJS","SJS","1","0","1","0","0","0","0","2","27","44","0","1","0.0","1","0","100.0","32","26","55.2"
"Anaheim Ducks","2015/10/29  @ STL","STL","1","0","1","0","0","0","1","2","23","34","1","4","25.0","5","0","100.0","26","38","40.6"
"Washington Capitals","2015/10/17  vs. CAR","CAR","1","1","0","0","0","2","4","1","34","19","2","2","100.0","4","0","100.0","29","31","48.3"
"Washington Capitals","2015/11/03  @ NYR","NYR","1","0","1","0","0","0","2","5","34","22","0","2","0.0","1","0","100.0","31","21","59.6"
"New York Islanders","2015/10/31  @ NJD","NJD","1","0","0","0","1","1","2","2","26","17","1","2","50.0","3","0","100.0","22","27","44.9"
"Ottawa Senators","2015/10/30  @ DET","DET","1","1","0","0","0","2","3","1","35","30","0","4","0.0","5","1","80.0","25","32","43.9"
"Los Angeles Kings","2015/11/05  vs. CBJ","CBJ","1","0","1","0","0","0","2","3","33","25","1","4","25.0","4","1","75.0","38","30","55.9"
"New York Rangers","2015/11/15  vs. TOR","TOR","1","1","0","0","0","2","4","3","30","26","0","2","0.0","3","0","100.0","39","37","51.3"
"Toronto Maple Leafs","2015/11/12  @ NSH","NSH","1","1","0","0","0","2","1","1","23","22","0","3","0.0","4","1","75.0","21","30","41.2"
"Washington Capitals","2015/10/28  vs. PIT","PIT","1","0","1","0","0","0","1","3","34","25","0","3","0.0","3","0","100.0","29","35","45.3"
"Columbus Blue Jackets","2015/10/16  vs. TOR","TOR","1","0","1","0","0","0","3","6","27","34","1","4","25.0","1","0","100.0","30","43","41.1"
"New York Rangers","2015/10/19  vs. SJS","SJS","1","1","0","0","0","2","4","0","28","22","1","1","100.0","2","0","100.0","20","30","40.0"
"Vancouver Canucks","2015/10/27  vs. MTL","MTL","1","1","0","0","0","2","5","1","28","26","1","2","50.0","2","0","100.0","31","25","55.4"
"Florida Panthers","2015/10/31  vs. WSH","WSH","1","0","0","0","1","1","1","2","27","27","0","3","0.0","2","0","100.0","25","30","45.5"
"Dallas Stars","2015/11/06  @ CAR","CAR","1","1","0","0","0","2","4","1","28","31","0","1","0.0","0","0","0.0","30","37","44.8"
"Colorado Avalanche","2015/10/16  @ ANA","ANA","1","1","0","0","0","2","3","0","25","35","0","2","0.0","5","0","100.0","31","32","49.2"
"St. Louis Blues","2015/11/07  @ NSH","NSH","1","1","0","0","0","2","4","0","28","45","2","3","66.7","5","0","100.0","22","35","38.6"
"Nashville Predators","2015/10/13  @ NJD","NJD","1","1","0","0","0","2","3","1","20","23","1","2","50.0","2","1","50.0","35","33","51.5"
"Carolina Hurricanes","2015/10/24  @ SJS","SJS","1","0","1","0","0","0","2","5","34","21","1","3","33.3","1","0","100.0","20","27","42.6"
"Tampa Bay Lightning","2015/10/23  @ WPG","WPG","1","1","0","0","0","2","4","3","31","36","0","2","0.0","1","0","100.0","34","30","53.1"
"Pittsburgh Penguins","2015/11/13  vs. CBJ","CBJ","1","0","1","0","0","0","1","2","29","28","0","6","0.0","4","1","75.0","38","40","48.7"
"Arizona Coyotes","2015/10/09  @ LAK","LAK","1","1","0","0","0","2","4","1","22","41","0","3","0.0","4","0","100.0","23","26","46.9"
"Anaheim Ducks","2015/10/12  vs. VAN","VAN","1","0","0","0","1","1","1","1","29","25","0","2","0.0","2","0","100.0","19","22","46.3"
"Philadelphia Flyers","2015/11/10  vs. COL","COL","1","0","1","0","0","0","0","4","25","40","0","1","0.0","2","1","50.0","29","25","53.7"
"Florida Panthers","2015/10/27  vs. COL","COL","1","1","0","0","0","2","4","1","28","32","3","3","100.0","5","0","100.0","30","32","48.4"
"Boston Bruins","2015/10/23  @ NYI","NYI","1","1","0","0","0","2","5","3","26","26","0","3","0.0","2","1","50.0","25","27","48.1"
"Montréal Canadiens","2015/10/15  vs. NYR","NYR","1","1","0","0","0","2","3","0","32","25","0","5","0.0","5","0","100.0","38","33","53.5"
"Toronto Maple Leafs","2015/11/17  vs. COL","COL","1","1","0","0","0","2","5","1","30","35","4","5","80.0","4","0","100.0","27","33","45.0"
"Edmonton Oilers","2015/10/31  vs. CGY","CGY","1","0","1","0","0","0","4","5","23","32","2","4","50.0","3","1","66.7","40","26","60.6"
"Chicago Blackhawks","2015/10/22  vs. FLA","FLA","1","1","0","0","0","2","3","2","27","18","2","8","25.0","4","1","75.0","38","39","49.4"
"Tampa Bay Lightning","2015/10/20  @ NSH","NSH","1","0","0","0","1","1","4","4","29","33","1","2","50.0","3","0","100.0","34","33","50.7"
"Colorado Avalanche","2015/11/12  @ BOS","BOS","1","1","0","0","0","2","3","2","30","27","0","3","0.0","2","1","50.0","28","31","47.4"
"Detroit Red Wings","2015/10/17  @ MTL","MTL","1","0","1","0","0","0","1","4","22","41","0","3","0.0","5","2","60.0","30","32","48.4"
"Ottawa Senators","2015/11/12  vs. VAN","VAN","1","1","0","0","0","2","3","2","25","35","2","4","50.0","3","1","66.7","22","30","42.3"
"St. Louis Blues","2015/11/19  vs. BUF","BUF","1","1","0","0","0","2","2","2","29","34","2","3","66.7","4","0","100.0","19","31","38.0"
"Calgary Flames","2015/10/28  @ OTT","OTT","1","0","0","0","1","1","4","4","38","23","1","4","25.0","4","0","100.0","31","42","42.5"
"Chicago Blackhawks","2015/11/14  @ STL","STL","1","1","0","0","0","2","4","2","27","31","1","5","20.0","6","1","83.3","35","28","55.6"
"Chicago Blackhawks","2015/11/12  vs. NJD","NJD","1","0","1","0","0","0","2","3","29","22","1","5","20.0","3","1","66.7","20","26","43.5"
"Nashville Predators","2015/10/31  @ LAK","LAK","1","0","0","0","1","1","3","4","34","29","2","3","66.7","3","1","66.7","32","26","55.2"
"Ottawa Senators","2015/10/08  @ BUF","BUF","1","1","0","0","0","2","3","1","22","27","0","0","0.0","3","1","66.7","42","30","58.3"
"Minnesota Wild","2015/11/17  @ PIT","PIT","1","0","1","0","0","0","3","4","29","29","2","6","33.3","6","2","66.7","37","29","56.1"
"Arizona Coyotes","2015/10/17  vs. BOS","BOS","1","0","1","0","0","0","3","5","23","43","1","4","25.0","6","3","50.0","31","29","51.7"
"Calgary Flames","2015/10/20  vs. WSH","WSH","1","0","1","0","0","0","2","6","19","30","0","2","0.0","3","0","100.0","30","34","46.9"
"Ottawa Senators","2015/11/03  @ MTL","MTL","1","1","0","0","0","2","2","1","27","37","0","1","0.0","3","1","66.7","19","39","32.8"
"Buffalo Sabres","2015/10/29  @ PIT","PIT","1","0","1","0","0","0","3","4","53","29","0","2","0.0","1","1","0.0","33","31","51.6"
"Calgary Flames","2015/11/17  vs. NJD","NJD","1","1","0","0","0","2","3","2","30","20","0","4","0.0","3","1","66.7","33","30","52.4"
"Carolina Hurricanes","2015/11/12  vs. MIN","MIN","1","0","0","0","1","1","2","3","39","21","1","3","33.3","0","0","0.0","31","26","54.4"
"Colorado Avalanche","2015/11/14  @ MTL","MTL","1","1","0","0","0","2","6","1","24","40","1","2","50.0","4","0","100.0","28","27","50.9"
"Montréal Canadiens","2015/10/30  @ CGY","CGY","1","1","0","0","0","2","6","2","31","32","1","3","33.3","3","0","100.0","34","35","49.3"
"Calgary Flames","2015/11/03  @ COL","COL","1","0","1","0","0","0","3","6","25","42","0","2","0.0","3","1","66.7","28","27","50.9"
"New York Islanders","2015/10/10  @ CHI","CHI","1","0","1","0","0","0","1","4","29","34","0","2","0.0","7","1","85.7","26","26","50.0"
"Calgary Flames","2015/10/16  @ WPG","WPG","1","0","1","0","0","0","1","3","20","30","0","2","0.0","4","0","100.0","28","31","47.4"
"Boston Bruins","2015/10/14  @ COL","COL","1","1","0","0","0","2","6","2","25","22","0","2","0.0","4","1","75.0","28","25","52.8"
"San Jose Sharks","2015/10/13  @ WSH","WSH","1","1","0","0","0","2","5","0","32","31","1","5","20.0","4","0","100.0","30","26","53.6"
"San Jose Sharks","2015/10/17  @ NYI","NYI","1","0","1","0","0","0","3","6","25","34","0","2","0.0","3","1","66.7","28","37","43.1"
"Tampa Bay Lightning","2015/11/10  vs. BUF","BUF","1","0","1","0","0","0","1","4","31","27","1","5","20.0","3","1","66.7","27","27","50.0"
"Nashville Predators","2015/10/08  vs. CAR","CAR","1","1","0","0","0","2","2","1","25","26","1","3","33.3","3","0","100.0","18","33","35.3"
"Vancouver Canucks","2015/11/18  @ WPG","WPG","1","0","1","0","0","0","1","4","30","34","1","5","20.0","4","1","75.0","26","41","38.8"
"Colorado Avalanche","2015/11/19  @ PIT","PIT","1","0","1","0","0","0","3","4","31","30","1","5","20.0","4","1","75.0","28","33","45.9"
"Edmonton Oilers","2015/10/23  vs. WSH","WSH","1","0","1","0","0","0","4","7","23","26","1","6","16.7","4","2","50.0","30","32","48.4"
"New York Rangers","2015/10/10  vs. CBJ","CBJ","1","1","0","0","0","2","5","2","29","39","1","2","50.0","5","1","80.0","34","25","57.6"
"Ottawa Senators","2015/11/05  vs. WPG","WPG","1","1","0","0","0","2","2","2","31","40","0","3","0.0","2","0","100.0","41","27","60.3"
"Carolina Hurricanes","2015/10/30  vs. COL","COL","1","1","0","0","0","2","3","2","26","32","1","4","25.0","3","0","100.0","27","23","54.0"
"Edmonton Oilers","2015/10/08  @ STL","STL","1","0","1","0","0","0","1","3","24","31","1","3","33.3","3","0","100.0","19","34","35.8"
"New York Rangers","2015/11/14  @ OTT","OTT","1","1","0","0","0","2","1","1","34","23","1","2","50.0","3","1","66.7","24","29","45.3"
"Winnipeg Jets","2015/11/12  @ DAL","DAL","1","0","1","0","0","0","3","6","38","34","0","4","0.0","4","2","50.0","22","38","36.7"
"Florida Panthers","2015/10/20  @ PIT","PIT","1","0","0","0","1","1","2","3","33","35","0","2","0.0","3","2","33.3","34","40","45.9"
"Winnipeg Jets","2015/10/29  vs. CHI","CHI","1","1","0","0","0","2","3","1","31","46","1","3","33.3","3","1","66.7","38","33","53.5"
"Columbus Blue Jackets","2015/11/14  vs. ARI","ARI","1","1","0","0","0","2","5","2","21","29","2","4","50.0","5","0","100.0","29","37","43.9"
"St. Louis Blues","2015/10/18  @ WPG","WPG","1","1","0","0","0","2","4","2","41","29","1","6","16.7","7","2","71.4","40","32","55.6"
"Minnesota Wild","2015/10/24  vs. ANA","ANA","1","1","0","0","0","2","3","0","30","15","0","5","0.0","1","0","100.0","37","26","58.7"
"Boston Bruins","2015/10/12  vs. TBL","TBL","1","0","1","0","0","0","3","6","30","23","3","4","75.0","4","2","50.0","30","29","50.8"
"Los Angeles Kings","2015/10/16  vs. MIN","MIN","1","1","0","0","0","2","2","1","37","26","1","4","25.0","5","1","80.0","29","31","48.3"
"Edmonton Oilers","2015/10/29  vs. MTL","MTL","1","1","0","0","0","2","4","3","27","21","1","4","25.0","2","1","50.0","37","34","52.1"
"Philadelphia Flyers","2015/11/07  @ WPG","WPG","1","1","0","0","0","2","3","0","23","28","2","5","40.0","5","0","100.0","28","29","49.1"
"Montréal Canadiens","2015/11/03  vs. OTT","OTT","1","0","0","0","1","1","1","2","37","27","1","3","33.3","1","0","100.0","39","19","67.2"
"Anaheim Ducks","2015/10/24  @ MIN","MIN","1","0","1","0","0","0","0","3","15","30","0","1","0.0","5","0","100.0","26","37","41.3"
"Edmonton Oilers","2015/10/13  @ DAL","DAL","1","0","1","0","0","0","2","4","28","52","0","1","0.0","4","0","100.0","23","38","37.7"
"Carolina Hurricanes","2015/11/07  vs. OTT","OTT","1","1","0","0","0","2","3","2","46","21","1","3","33.3","2","1","50.0","41","24","63.1"
"Winnipeg Jets","2015/11/07  vs. PHI","PHI","1","0","1","0","0","0","0","3","28","23","0","5","0.0","5","2","60.0","29","28","50.9"
"Montréal Canadiens","2015/11/14  vs. COL","COL","1","0","1","0","0","0","1","6","40","24","0","4","0.0","2","1","50.0","27","28","49.1"
"Colorado Avalanche","2015/10/29  @ TBL","TBL","1","1","0","0","0","2","2","1","26","35","0","6","0.0","4","1","75.0","25","31","44.6"
"Detroit Red Wings","2015/11/08  vs. DAL","DAL","1","0","1","0","0","0","1","4","22","26","1","5","20.0","3","1","66.7","34","31","52.3"
"Vancouver Canucks","2015/10/22  vs. WSH","WSH","1","0","1","0","0","0","2","3","25","35","1","3","33.3","2","0","100.0","30","16","65.2"
"Chicago Blackhawks","2015/10/09  @ NYI","NYI","1","1","0","0","0","2","3","2","35","36","1","3","33.3","2","0","100.0","27","40","40.3"
"St. Louis Blues","2015/10/13  @ CGY","CGY","1","1","0","0","0","2","4","3","28","18","1","1","100.0","4","1","75.0","36","20","64.3"
"Tampa Bay Lightning","2015/10/27  @ STL","STL","1","0","1","0","0","0","0","2","26","24","0","1","0.0","3","0","100.0","32","26","55.2"
"St. Louis Blues","2015/10/20  @ MTL","MTL","1","0","1","0","0","0","0","3","38","36","0","3","0.0","2","0","100.0","39","36","52.0"
"Arizona Coyotes","2015/10/14  @ ANA","ANA","1","1","0","0","0","2","4","0","29","37","1","6","16.7","3","0","100.0","27","35","43.5"
"New York Islanders","2015/10/26  vs. CGY","CGY","1","1","0","0","0","2","4","0","35","29","1","3","33.3","3","0","100.0","31","28","52.5"
"Pittsburgh Penguins","2015/11/11  vs. MTL","MTL","1","1","0","0","0","2","3","3","34","38","0","4","0.0","4","1","75.0","34","36","48.6"
"San Jose Sharks","2015/11/05  vs. FLA","FLA","1","1","0","0","0","2","5","2","32","33","0","2","0.0","3","1","66.7","28","27","50.9"
"New York Rangers","2015/10/22  vs. ARI","ARI","1","1","0","0","0","2","4","1","27","35","1","3","33.3","3","0","100.0","42","28","60.0"
"Washington Capitals","2015/10/22  @ VAN","VAN","1","1","0","0","0","2","3","2","35","25","0","2","0.0","3","1","66.7","16","30","34.8"
"Dallas Stars","2015/10/20  @ PHI","PHI","1","1","0","0","0","2","2","1","32","35","0","2","0.0","4","0","100.0","30","33","47.6"
"Edmonton Oilers","2015/10/25  vs. LAK","LAK","1","0","1","0","0","0","2","3","28","34","1","2","50.0","2","1","50.0","29","24","54.7"
"Pittsburgh Penguins","2015/10/22  vs. DAL","DAL","1","0","1","0","0","0","1","4","34","23","0","5","0.0","3","1","66.7","35","36","49.3"
"Nashville Predators","2015/11/01  @ ANA","ANA","1","0","1","0","0","0","2","4","42","28","1","6","16.7","2","0","100.0","29","32","47.5"
"Nashville Predators","2015/11/07  vs. STL","STL","1","0","1","0","0","0","0","4","45","28","0","5","0.0","3","2","33.3","35","22","61.4"
"Philadelphia Flyers","2015/10/12  vs. FLA","FLA","1","1","0","0","0","2","1","0","33","31","0","3","0.0","6","0","100.0","28","28","50.0"
"Montréal Canadiens","2015/10/24  vs. TOR","TOR","1","1","0","0","0","2","5","3","27","52","2","4","50.0","5","0","100.0","34","41","45.3"
"New York Islanders","2015/10/09  vs. CHI","CHI","1","0","0","0","1","1","2","3","36","35","0","2","0.0","3","1","66.7","40","27","59.7"
"St. Louis Blues","2015/10/08  vs. EDM","EDM","1","1","0","0","0","2","3","1","31","24","0","3","0.0","3","1","66.7","34","19","64.1"
"Toronto Maple Leafs","2015/11/06  vs. DET","DET","1","0","0","0","1","1","1","2","33","24","0","4","0.0","3","0","100.0","37","28","56.9"
"Calgary Flames","2015/10/17  vs. EDM","EDM","1","0","1","0","0","0","2","5","24","28","1","4","25.0","4","1","75.0","33","43","43.4"
"Arizona Coyotes","2015/11/14  @ CBJ","CBJ","1","0","1","0","0","0","2","5","29","21","0","5","0.0","4","2","50.0","37","29","56.1"
"Arizona Coyotes","2015/10/24  @ OTT","OTT","1","1","0","0","0","2","4","1","26","36","0","2","0.0","3","0","100.0","30","31","49.2"
"New York Islanders","2015/10/23  vs. BOS","BOS","1","0","1","0","0","0","3","5","26","26","1","2","50.0","3","0","100.0","27","25","51.9"
"Colorado Avalanche","2015/11/17  @ TOR","TOR","1","0","1","0","0","0","1","5","35","30","0","4","0.0","5","4","20.0","33","27","55.0"
"New Jersey Devils","2015/10/20  vs. ARI","ARI","1","1","0","0","0","2","3","2","25","20","0","3","0.0","5","1","80.0","32","34","48.5"
"Buffalo Sabres","2015/11/17  vs. DAL","DAL","1","0","1","0","0","0","1","3","25","29","1","3","33.3","1","0","100.0","29","46","38.7"
"Calgary Flames","2015/11/13  @ WSH","WSH","1","1","0","0","0","2","3","2","29","36","0","2","0.0","2","0","100.0","32","33","49.2"
"New Jersey Devils","2015/11/14  vs. PIT","PIT","1","1","0","0","0","2","4","0","37","21","1","4","25.0","3","0","100.0","34","26","56.7"
"New York Rangers","2015/10/24  @ PHI","PHI","1","0","0","0","1","1","2","2","39","48","1","3","33.3","2","0","100.0","37","28","56.9"
"Florida Panthers","2015/11/10  vs. CGY","CGY","1","1","0","0","0","2","4","3","31","28","1","2","50.0","1","1","0.0","23","33","41.1"
"Arizona Coyotes","2015/10/10  vs. PIT","PIT","1","1","0","0","0","2","2","1","39","28","0","4","0.0","4","0","100.0","31","25","55.4"
"Montréal Canadiens","2015/10/17  vs. DET","DET","1","1","0","0","0","2","4","1","41","22","2","5","40.0","3","0","100.0","32","30","51.6"
"New York Islanders","2015/11/10  @ SJS","SJS","1","1","0","0","0","2","4","2","25","36","0","2","0.0","2","0","100.0","29","30","49.2"
"Montréal Canadiens","2015/10/23  @ BUF","BUF","1","1","0","0","0","2","7","2","26","36","2","3","66.7","4","1","75.0","39","27","59.1"
"Buffalo Sabres","2015/11/01  @ NYI","NYI","1","1","0","0","0","2","2","1","22","30","0","0","0.0","0","0","0.0","25","21","54.3"
"Anaheim Ducks","2015/10/18  vs. MIN","MIN","1","1","0","0","0","2","4","1","22","35","0","2","0.0","1","0","100.0","33","37","47.1"
"Philadelphia Flyers","2015/10/24  vs. NYR","NYR","1","1","0","0","0","2","2","2","48","39","0","2","0.0","3","1","66.7","28","37","43.1"
"San Jose Sharks","2015/10/16  @ NJD","NJD","1","1","0","0","0","2","1","1","34","32","0","1","0.0","6","1","83.3","37","22","62.7"
"Boston Bruins","2015/10/31  @ TBL","TBL","1","1","0","0","0","2","3","1","34","22","1","3","33.3","5","1","80.0","26","32","44.8"
"Buffalo Sabres","2015/10/30  vs. PHI","PHI","1","1","0","0","0","2","3","1","36","28","1","6","16.7","4","0","100.0","36","33","52.2"
"Winnipeg Jets","2015/11/14  @ NSH","NSH","1","0","1","0","0","0","0","7","20","34","0","4","0.0","5","2","60.0","27","35","43.5"
"Buffalo Sabres","2015/10/17  @ TBL","TBL","1","0","1","0","0","0","1","2","32","22","0","3","0.0","4","1","75.0","26","25","51.0"
"Colorado Avalanche","2015/11/03  vs. CGY","CGY","1","1","0","0","0","2","6","3","42","25","1","3","33.3","2","0","100.0","27","28","49.1"
"Washington Capitals","2015/10/15  vs. CHI","CHI","1","1","0","0","0","2","4","1","24","27","1","2","50.0","1","0","100.0","23","23","50.0"
"Columbus Blue Jackets","2015/10/14  vs. OTT","OTT","1","0","1","0","0","0","3","7","41","27","1","4","25.0","3","1","66.7","40","30","57.1"
"San Jose Sharks","2015/11/01  @ COL","COL","1","1","0","0","0","2","4","3","32","26","0","1","0.0","4","2","50.0","33","29","53.2"
"Columbus Blue Jackets","2015/11/05  @ LAK","LAK","1","1","0","0","0","2","3","2","25","33","1","4","25.0","4","1","75.0","30","38","44.1"
"Edmonton Oilers","2015/10/15  vs. STL","STL","1","0","1","0","0","0","2","4","26","29","0","5","0.0","4","1","75.0","35","27","56.5"
"Anaheim Ducks","2015/10/22  @ NSH","NSH","1","0","1","0","0","0","1","5","28","29","1","5","20.0","5","1","80.0","35","26","57.4"
"Pittsburgh Penguins","2015/10/20  vs. FLA","FLA","1","1","0","0","0","2","3","2","35","33","2","3","66.7","2","0","100.0","40","34","54.1"
"Pittsburgh Penguins","2015/11/04  @ VAN","VAN","1","1","0","0","0","2","3","2","23","20","1","3","33.3","4","0","100.0","36","34","51.4"
"Anaheim Ducks","2015/11/11  vs. EDM","EDM","1","0","0","0","1","1","3","4","37","27","1","2","50.0","2","1","50.0","33","29","53.2"
"Anaheim Ducks","2015/11/09  vs. ARI","ARI","1","0","0","0","1","1","3","4","36","28","1","4","25.0","5","1","80.0","21","33","38.9"
"Chicago Blackhawks","2015/11/02  vs. LAK","LAK","1","1","0","0","0","2","4","2","26","35","0","1","0.0","2","0","100.0","37","27","57.8"
"Pittsburgh Penguins","2015/10/24  @ NSH","NSH","1","1","0","0","0","2","2","1","25","39","0","3","0.0","3","0","100.0","32","23","58.2"
"Colorado Avalanche","2015/10/30  @ CAR","CAR","1","0","1","0","0","0","2","3","32","26","0","3","0.0","4","1","75.0","23","27","46.0"
"Detroit Red Wings","2015/10/09  vs. TOR","TOR","1","1","0","0","0","2","4","0","22","22","1","4","25.0","3","0","100.0","28","33","45.9"
"St. Louis Blues","2015/11/16  vs. WPG","WPG","1","1","0","0","0","2","3","2","28","18","1","5","20.0","5","0","100.0","28","37","43.1"
"Toronto Maple Leafs","2015/11/14  vs. VAN","VAN","1","1","0","0","0","2","4","2","40","45","1","4","25.0","3","1","66.7","41","27","60.3"
"Edmonton Oilers","2015/11/14  @ LAK","LAK","1","0","1","0","0","0","3","4","25","28","0","3","0.0","4","0","100.0","27","31","46.6"
"Ottawa Senators","2015/10/11  vs. MTL","MTL","1","0","1","0","0","0","1","3","21","34","0","4","0.0","7","0","100.0","42","28","60.0"
"Winnipeg Jets","2015/11/05  @ OTT","OTT","1","0","0","0","1","1","2","2","40","31","0","2","0.0","3","0","100.0","27","41","39.7"
"Columbus Blue Jackets","2015/11/17  vs. STL","STL","1","1","0","0","0","2","3","1","38","20","0","4","0.0","2","0","100.0","30","25","54.5"
"Minnesota Wild","2015/11/14  @ DAL","DAL","1","0","0","0","1","1","2","3","24","36","0","4","0.0","4","1","75.0","30","33","47.6"
"St. Louis Blues","2015/11/03  vs. LAK","LAK","1","0","1","0","0","0","0","3","24","34","0","4","0.0","5","1","80.0","34","30","53.1"
"Detroit Red Wings","2015/11/13  vs. SJS","SJS","1","0","1","0","0","0","2","3","28","14","0","2","0.0","1","0","100.0","24","25","49.0"
"Colorado Avalanche","2015/10/08  vs. MIN","MIN","1","0","1","0","0","0","4","5","23","30","2","2","100.0","2","1","50.0","32","39","45.1"
"Dallas Stars","2015/10/17  @ FLA","FLA","1","1","0","0","0","2","4","2","37","26","1","2","50.0","1","0","100.0","28","27","50.9"
"Columbus Blue Jackets","2015/10/27  @ NJD","NJD","1","1","0","0","0","2","3","1","14","24","0","3","0.0","4","1","75.0","18","24","42.9"
"Calgary Flames","2015/10/26  @ NYI","NYI","1","0","1","0","0","0","0","4","29","35","0","3","0.0","3","1","66.7","28","31","47.4"
"Florida Panthers","2015/11/12  vs. BUF","BUF","1","0","1","0","0","0","2","3","38","19","1","3","33.3","1","1","0.0","34","22","60.7"
"Calgary Flames","2015/10/25  @ NYR","NYR","1","0","1","0","0","0","1","4","23","26","0","2","0.0","2","0","100.0","24","23","51.1"
"New York Islanders","2015/11/12  @ LAK","LAK","1","0","1","0","0","0","1","2","32","22","0","3","0.0","3","1","66.7","32","27","54.2"
"Los Angeles Kings","2015/10/23  vs. CAR","CAR","1","1","0","0","0","2","3","0","28","40","1","2","50.0","4","0","100.0","25","41","37.9"
"Vancouver Canucks","2015/11/10  @ CBJ","CBJ","1","1","0","0","0","2","5","3","30","45","0","3","0.0","3","2","33.3","27","35","43.5"
"Carolina Hurricanes","2015/10/13  vs. FLA","FLA","1","0","1","0","0","0","1","4","23","30","0","4","0.0","3","0","100.0","19","24","44.2"
"Colorado Avalanche","2015/11/06  vs. NYR","NYR","1","0","1","0","0","0","1","2","30","33","1","5","20.0","2","1","50.0","29","28","50.9"
"Colorado Avalanche","2015/10/24  vs. CBJ","CBJ","1","0","1","0","0","0","3","4","34","36","1","6","16.7","5","1","80.0","33","28","54.1"
"San Jose Sharks","2015/10/31  @ DAL","DAL","1","0","1","0","0","0","3","5","29","25","2","4","50.0","5","1","80.0","30","35","46.2"
"Calgary Flames","2015/11/12  @ TBL","TBL","1","0","1","0","0","0","1","3","31","29","1","4","25.0","2","1","50.0","44","34","56.4"
"Florida Panthers","2015/10/22  @ CHI","CHI","1","0","1","0","0","0","2","3","18","27","1","4","25.0","8","2","75.0","39","38","50.6"
"Detroit Red Wings","2015/10/21  @ EDM","EDM","1","0","1","0","0","0","1","3","29","28","0","6","0.0","3","1","66.7","34","24","58.6"
"Detroit Red Wings","2015/11/06  @ TOR","TOR","1","1","0","0","0","2","2","1","24","33","0","3","0.0","4","0","100.0","28","37","43.1"
"Florida Panthers","2015/10/17  vs. DAL","DAL","1","0","1","0","0","0","2","4","26","37","0","1","0.0","2","1","50.0","27","28","49.1"
"Carolina Hurricanes","2015/10/17  @ WSH","WSH","1","0","1","0","0","0","1","4","19","34","0","4","0.0","2","2","0.0","31","29","51.7"
"Montréal Canadiens","2015/10/20  vs. STL","STL","1","1","0","0","0","2","3","0","36","38","0","2","0.0","3","0","100.0","36","39","48.0"
"Ottawa Senators","2015/11/10  @ NSH","NSH","1","0","1","0","0","0","5","7","26","38","2","3","66.7","3","1","66.7","34","44","43.6"
"Nashville Predators","2015/10/17  @ OTT","OTT","1","1","0","0","0","2","3","3","25","41","2","6","33.3","2","0","100.0","33","40","45.2"
"Minnesota Wild","2015/10/25  @ WPG","WPG","1","0","1","0","0","0","4","5","30","33","1","5","20.0","1","0","100.0","29","36","44.6"
"Carolina Hurricanes","2015/11/14  vs. PHI","PHI","1","0","0","0","1","1","2","3","21","19","1","3","33.3","1","0","100.0","22","24","47.8"
"Minnesota Wild","2015/10/27  vs. EDM","EDM","1","1","0","0","0","2","4","3","28","25","1","2","50.0","1","0","100.0","25","26","49.0"
"Winnipeg Jets","2015/10/12  @ NYI","NYI","1","0","1","0","0","0","2","4","24","44","1","3","33.3","6","2","66.7","26","41","38.8"
"New Jersey Devils","2015/11/17  @ CGY","CGY","1","0","1","0","0","0","2","3","20","30","1","3","33.3","4","0","100.0","30","33","47.6"
"Dallas Stars","2015/11/19  @ WSH","WSH","1","1","0","0","0","2","3","2","31","35","0","2","0.0","0","0","0.0","33","22","60.0"
"Arizona Coyotes","2015/11/12  vs. EDM","EDM","1","1","0","0","0","2","4","1","21","28","1","3","33.3","4","0","100.0","34","26","56.7"
"Nashville Predators","2015/11/12  vs. TOR","TOR","1","0","0","0","1","1","1","1","22","23","1","4","25.0","3","0","100.0","30","21","58.8"
"Edmonton Oilers","2015/11/18  vs. CHI","CHI","1","0","0","0","1","1","3","4","37","27","0","3","0.0","2","1","50.0","35","31","53.0"
"San Jose Sharks","2015/10/24  vs. CAR","CAR","1","1","0","0","0","2","5","2","21","34","0","1","0.0","3","1","66.7","27","20","57.4"
"Toronto Maple Leafs","2015/10/26  vs. ARI","ARI","1","0","1","0","0","0","3","4","27","24","0","2","0.0","4","2","50.0","26","39","40.0"
"Winnipeg Jets","2015/11/10  @ MIN","MIN","1","0","1","0","0","0","3","5","28","28","1","2","50.0","6","0","100.0","32","33","49.2"
"Dallas Stars","2015/11/14  vs. MIN","MIN","1","1","0","0","0","2","3","2","36","24","1","4","25.0","4","0","100.0","33","30","52.4"
"Buffalo Sabres","2015/10/24  vs. NJD","NJD","1","0","1","0","0","0","3","4","29","28","2","5","40.0","2","0","100.0","35","24","59.3"
"Dallas Stars","2015/10/08  vs. PIT","PIT","1","1","0","0","0","2","3","0","24","37","2","5","40.0","3","0","100.0","38","40","48.7"
"Montréal Canadiens","2015/10/10  @ BOS","BOS","1","1","0","0","0","2","4","2","38","21","1","6","16.7","4","1","75.0","37","30","55.2"
"Ottawa Senators","2015/10/15  @ PIT","PIT","1","0","1","0","0","0","0","2","22","36","0","3","0.0","3","0","100.0","33","30","52.4"
"Detroit Red Wings","2015/10/30  vs. OTT","OTT","1","0","1","0","0","0","1","3","30","35","1","5","20.0","4","0","100.0","32","25","56.1"
"New York Rangers","2015/10/07  @ CHI","CHI","1","1","0","0","0","2","3","2","27","34","0","0","0.0","1","0","100.0","27","30","47.4"
"New York Rangers","2015/10/09  @ CBJ","CBJ","1","1","0","0","0","2","4","2","25","33","0","2","0.0","5","1","80.0","30","37","44.8"
"Edmonton Oilers","2015/11/11  @ ANA","ANA","1","1","0","0","0","2","4","3","27","37","1","2","50.0","2","1","50.0","29","33","46.8"
"Ottawa Senators","2015/10/31  vs. DET","DET","1","0","1","0","0","0","3","5","36","28","0","3","0.0","3","2","33.3","35","36","49.3"
"New Jersey Devils","2015/10/18  @ NYR","NYR","1","1","0","0","0","2","2","1","24","27","0","3","0.0","2","0","100.0","20","26","43.5"
"New York Islanders","2015/10/12  vs. WPG","WPG","1","1","0","0","0","2","4","2","44","24","2","6","33.3","3","1","66.7","41","26","61.2"
"Florida Panthers","2015/10/12  @ PHI","PHI","1","0","1","0","0","0","0","1","31","33","0","6","0.0","3","0","100.0","28","28","50.0"
"Dallas Stars","2015/11/03  @ BOS","BOS","1","1","0","0","0","2","5","3","19","39","3","4","75.0","4","1","75.0","27","39","40.9"
"Anaheim Ducks","2015/11/07  @ SJS","SJS","1","1","0","0","0","2","1","0","17","31","0","2","0.0","4","0","100.0","27","38","41.5"
"Toronto Maple Leafs","2015/10/16  @ CBJ","CBJ","1","1","0","0","0","2","6","3","34","27","0","1","0.0","4","1","75.0","43","30","58.9"
"Toronto Maple Leafs","2015/10/21  @ BUF","BUF","1","0","0","0","1","1","1","1","24","35","0","1","0.0","4","0","100.0","28","39","41.8"
"Boston Bruins","2015/11/05  @ WSH","WSH","1","0","1","0","0","0","1","4","29","31","1","2","50.0","4","1","75.0","39","29","57.4"
"San Jose Sharks","2015/10/10  vs. ANA","ANA","1","1","0","0","0","2","2","0","44","27","0","1","0.0","1","0","100.0","26","32","44.8"
"Toronto Maple Leafs","2015/10/09  @ DET","DET","1","0","1","0","0","0","0","4","22","22","0","3","0.0","4","1","75.0","33","28","54.1"
"Winnipeg Jets","2015/10/18  vs. STL","STL","1","0","1","0","0","0","2","4","29","41","2","7","28.6","6","1","83.3","32","40","44.4"
"Dallas Stars","2015/10/15  @ TBL","TBL","1","1","0","0","0","2","5","3","22","33","2","3","66.7","2","0","100.0","19","37","33.9"
"Chicago Blackhawks","2015/10/26  vs. ANA","ANA","1","1","0","0","0","2","1","0","24","39","0","3","0.0","3","0","100.0","24","34","41.4"
"New York Islanders","2015/11/01  vs. BUF","BUF","1","0","1","0","0","0","1","2","30","22","0","0","0.0","0","0","0.0","21","25","45.7"
"New York Islanders","2015/11/03  vs. NJD","NJD","1","1","0","0","0","2","2","1","34","24","0","1","0.0","5","1","80.0","26","31","45.6"
"Ottawa Senators","2015/10/10  @ TOR","TOR","1","1","0","0","0","2","4","4","33","41","3","6","50.0","4","1","75.0","34","35","49.3"
"Calgary Flames","2015/11/05  vs. PHI","PHI","1","1","0","0","0","2","2","1","30","27","0","2","0.0","2","0","100.0","34","30","53.1"
"New York Islanders","2015/10/24  @ STL","STL","1","1","0","0","0","2","3","2","22","40","1","3","33.3","5","0","100.0","29","26","52.7"
"Pittsburgh Penguins","2015/11/14  @ NJD","NJD","1","0","1","0","0","0","0","4","21","37","0","3","0.0","4","1","75.0","26","34","43.3"
"Winnipeg Jets","2015/11/18  vs. VAN","VAN","1","1","0","0","0","2","4","1","34","30","1","4","25.0","5","1","80.0","41","26","61.2"
"Washington Capitals","2015/10/23  @ EDM","EDM","1","1","0","0","0","2","7","4","26","23","2","4","50.0","6","1","83.3","32","30","51.6"
"Columbus Blue Jackets","2015/10/17  @ CHI","CHI","1","0","1","0","0","0","1","4","23","30","0","2","0.0","5","2","60.0","21","27","43.8"
"Ottawa Senators","2015/11/14  vs. NYR","NYR","1","0","0","0","1","1","1","1","23","34","1","3","33.3","2","1","50.0","29","24","54.7"
"Calgary Flames","2015/11/07  vs. PIT","PIT","1","1","0","0","0","2","5","2","31","25","1","3","33.3","2","1","50.0","31","38","44.9"
"Detroit Red Wings","2015/10/13  vs. TBL","TBL","1","1","0","0","0","2","3","1","24","21","1","3","33.3","3","0","100.0","26","31","45.6"
"Dallas Stars","2015/11/12  vs. WPG","WPG","1","1","0","0","0","2","6","3","34","38","2","4","50.0","4","0","100.0","38","22","63.3"
"Dallas Stars","2015/10/10  @ COL","COL","1","0","1","0","0","0","3","6","33","28","1","4","25.0","4","2","50.0","31","31","50.0"
"Columbus Blue Jackets","2015/10/09  vs. NYR","NYR","1","0","1","0","0","0","2","4","33","25","1","5","20.0","2","0","100.0","37","30","55.2"
"Los Angeles Kings","2015/10/13  vs. VAN","VAN","1","0","1","0","0","0","0","3","15","26","0","3","0.0","4","0","100.0","27","26","50.9"
"San Jose Sharks","2015/11/14  @ BUF","BUF","1","1","0","0","0","2","2","1","32","31","1","3","33.3","3","0","100.0","29","31","48.3"
"Washington Capitals","2015/11/07  vs. TOR","TOR","1","1","0","0","0","2","2","2","31","25","1","6","16.7","3","1","66.7","34","22","60.7"
"Minnesota Wild","2015/11/12  @ CAR","CAR","1","1","0","0","0","2","3","2","21","39","0","0","0.0","3","1","66.7","26","31","45.6"
"Colorado Avalanche","2015/11/05  @ ARI","ARI","1","0","1","0","0","0","2","4","28","28","0","5","0.0","6","0","100.0","38","29","56.7"
"New York Rangers","2015/11/10  vs. CAR","CAR","1","1","0","0","0","2","3","0","23","33","0","2","0.0","6","0","100.0","21","37","36.2"
"Edmonton Oilers","2015/10/17  @ CGY","CGY","1","1","0","0","0","2","5","2","28","24","1","4","25.0","4","1","75.0","43","33","56.6"
"Philadelphia Flyers","2015/11/02  @ VAN","VAN","1","0","1","0","0","0","1","4","28","34","0","2","0.0","1","0","100.0","47","25","65.3"
"Vancouver Canucks","2015/10/24  vs. DET","DET","1","0","0","0","1","1","2","3","32","28","2","4","50.0","6","1","83.3","37","23","61.7"
"Buffalo Sabres","2015/11/10  @ TBL","TBL","1","1","0","0","0","2","4","1","27","31","1","3","33.3","5","1","80.0","27","27","50.0"
"Tampa Bay Lightning","2015/11/19  vs. NYR","NYR","1","1","0","0","0","2","2","1","28","21","0","2","0.0","2","0","100.0","29","35","45.3"
"Pittsburgh Penguins","2015/11/19  vs. COL","COL","1","1","0","0","0","2","4","3","30","31","1","4","25.0","5","1","80.0","33","28","54.1"
"Detroit Red Wings","2015/11/14  @ BOS","BOS","1","0","1","0","0","0","1","3","23","31","1","3","33.3","1","0","100.0","28","27","50.9"
"Winnipeg Jets","2015/10/13  @ NYR","NYR","1","1","0","0","0","2","4","1","29","41","2","5","40.0","5","0","100.0","22","34","39.3"
"Montréal Canadiens","2015/11/07  vs. BOS","BOS","1","1","0","0","0","2","4","2","33","31","2","3","66.7","5","1","80.0","41","37","52.6"
"Dallas Stars","2015/10/29  vs. VAN","VAN","1","1","0","0","0","2","4","3","29","32","0","3","0.0","2","1","50.0","34","24","58.6"
"Minnesota Wild","2015/11/10  vs. WPG","WPG","1","1","0","0","0","2","5","3","28","28","0","6","0.0","2","1","50.0","33","32","50.8"
"Tampa Bay Lightning","2015/11/01  @ CAR","CAR","1","1","0","0","0","2","4","3","31","35","1","4","25.0","2","1","50.0","28","21","57.1"
"St. Louis Blues","2015/11/14  vs. CHI","CHI","1","0","1","0","0","0","2","4","31","27","1","6","16.7","5","1","80.0","28","35","44.4"
"New York Islanders","2015/11/16  vs. ARI","ARI","1","1","0","0","0","2","5","2","32","33","1","4","25.0","3","1","66.7","19","35","35.2"
"Boston Bruins","2015/11/14  vs. DET","DET","1","1","0","0","0","2","3","1","31","23","0","1","0.0","3","1","66.7","27","28","49.1"
"Chicago Blackhawks","2015/11/18  @ EDM","EDM","1","1","0","0","0","2","4","3","27","37","1","2","50.0","3","0","100.0","31","35","47.0"
"Carolina Hurricanes","2015/10/23  @ LAK","LAK","1","0","1","0","0","0","0","3","40","28","0","4","0.0","2","1","50.0","41","25","62.1"
"Chicago Blackhawks","2015/10/30  @ MIN","MIN","1","0","1","0","0","0","4","5","29","30","1","1","100.0","2","1","50.0","38","37","50.7"
"Buffalo Sabres","2015/11/05  vs. TBL","TBL","1","0","1","0","0","0","1","4","31","22","0","2","0.0","3","0","100.0","23","23","50.0"
"St. Louis Blues","2015/11/10  @ NJD","NJD","1","1","0","0","0","2","2","0","28","24","0","2","0.0","1","0","100.0","22","26","45.8"
"Pittsburgh Penguins","2015/10/10  @ ARI","ARI","1","0","1","0","0","0","1","2","28","39","0","4","0.0","4","0","100.0","25","31","44.6"
"Winnipeg Jets","2015/11/04  @ TOR","TOR","1","1","0","0","0","2","4","2","34","26","0","2","0.0","3","1","66.7","32","37","46.4"
"Columbus Blue Jackets","2015/10/24  @ COL","COL","1","1","0","0","0","2","4","3","36","34","1","5","20.0","6","1","83.3","28","33","45.9"
"Los Angeles Kings","2015/10/31  vs. NSH","NSH","1","1","0","0","0","2","4","3","29","34","1","3","33.3","3","2","33.3","26","32","44.8"
"New Jersey Devils","2015/10/24  @ BUF","BUF","1","1","0","0","0","2","4","3","28","29","0","2","0.0","5","2","60.0","24","35","40.7"
"Tampa Bay Lightning","2015/10/15  vs. DAL","DAL","1","0","1","0","0","0","3","5","33","22","0","2","0.0","3","2","33.3","37","19","66.1"
"Montréal Canadiens","2015/10/07  @ TOR","TOR","1","1","0","0","0","2","3","1","29","37","0","1","0.0","3","1","66.7","30","34","46.9"
"Tampa Bay Lightning","2015/10/17  vs. BUF","BUF","1","1","0","0","0","2","2","1","22","32","1","4","25.0","3","0","100.0","25","26","49.0"
"Anaheim Ducks","2015/10/16  vs. COL","COL","1","0","1","0","0","0","0","3","35","25","0","5","0.0","2","0","100.0","32","31","50.8"
"Colorado Avalanche","2015/11/10  @ PHI","PHI","1","1","0","0","0","2","4","0","40","25","1","2","50.0","1","0","100.0","25","29","46.3"
"Winnipeg Jets","2015/11/16  @ STL","STL","1","0","1","0","0","0","2","3","18","28","0","5","0.0","5","1","80.0","37","28","56.9"
"Winnipeg Jets","2015/11/01  @ MTL","MTL","1","0","1","0","0","0","1","5","19","26","0","3","0.0","5","1","80.0","33","31","51.6"
"Washington Capitals","2015/11/18  @ DET","DET","1","1","0","0","0","2","2","1","27","26","1","6","16.7","2","0","100.0","27","29","48.2"
"Buffalo Sabres","2015/11/14  vs. SJS","SJS","1","0","0","0","1","1","1","2","31","32","0","3","0.0","3","1","66.7","31","29","51.7"
"Montréal Canadiens","2015/11/05  vs. NYI","NYI","1","1","0","0","0","2","4","1","24","18","1","2","50.0","3","0","100.0","24","26","48.0"
"Los Angeles Kings","2015/11/17  @ PHI","PHI","1","1","0","0","0","2","2","2","40","38","1","2","50.0","5","1","80.0","21","38","35.6"
"Anaheim Ducks","2015/11/06  vs. CBJ","CBJ","1","1","0","0","0","2","4","2","34","36","1","3","33.3","2","0","100.0","35","21","62.5"
"Colorado Avalanche","2015/10/21  vs. CAR","CAR","1","0","0","0","1","1","0","1","26","19","0","4","0.0","5","0","100.0","29","25","53.7"
"Florida Panthers","2015/11/14  @ TBL","TBL","1","1","0","0","0","2","4","4","23","28","1","4","25.0","2","0","100.0","40","36","52.6"
"Montréal Canadiens","2015/10/13  @ PIT","PIT","1","1","0","0","0","2","3","2","30","33","1","2","50.0","2","0","100.0","23","29","44.2"
"San Jose Sharks","2015/10/22  vs. LAK","LAK","1","0","1","0","0","0","1","4","40","29","0","5","0.0","4","2","50.0","41","32","56.2"
"Calgary Flames","2015/11/10  @ FLA","FLA","1","0","1","0","0","0","3","4","28","31","1","1","100.0","2","1","50.0","33","23","58.9"
"Toronto Maple Leafs","2015/10/17  @ PIT","PIT","1","0","1","0","0","0","1","2","27","33","0","4","0.0","5","0","100.0","34","27","55.7"
"Anaheim Ducks","2015/11/13  vs. NYI","NYI","1","0","1","0","0","0","1","4","25","29","1","3","33.3","5","0","100.0","34","26","56.7"
"Tampa Bay Lightning","2015/11/16  @ FLA","FLA","1","0","1","0","0","0","0","1","39","20","0","3","0.0","3","0","100.0","31","26","54.4"
"Vancouver Canucks","2015/11/14  @ TOR","TOR","1","0","1","0","0","0","2","4","45","40","1","3","33.3","4","1","75.0","27","41","39.7"
"Columbus Blue Jackets","2015/10/20  vs. NYI","NYI","1","0","1","0","0","0","0","4","37","29","0","6","0.0","1","0","100.0","32","20","61.5"
"Tampa Bay Lightning","2015/10/08  vs. PHI","PHI","1","1","0","0","0","2","3","2","32","25","1","3","33.3","3","1","66.7","30","31","49.2"
"Toronto Maple Leafs","2015/11/04  vs. WPG","WPG","1","0","1","0","0","0","2","4","26","34","1","3","33.3","2","0","100.0","37","32","53.6"
"Carolina Hurricanes","2015/11/16  vs. ANA","ANA","1","0","1","0","0","0","1","4","25","20","0","3","0.0","0","0","0.0","30","23","56.6"
"Vancouver Canucks","2015/10/13  @ LAK","LAK","1","1","0","0","0","2","3","0","26","15","0","4","0.0","3","0","100.0","26","27","49.1"
"Boston Bruins","2015/10/30  @ FLA","FLA","1","1","0","0","0","2","3","1","30","32","2","3","66.7","6","1","83.3","34","29","54.0"
"Detroit Red Wings","2015/10/27  vs. CAR","CAR","1","0","1","0","0","0","1","3","26","21","0","2","0.0","3","0","100.0","22","26","45.8"
"Vancouver Canucks","2015/10/10  vs. CGY","CGY","1","0","0","0","1","1","2","3","30","38","1","4","25.0","2","1","50.0","34","35","49.3"
"Buffalo Sabres","2015/11/12  @ FLA","FLA","1","1","0","0","0","2","3","2","19","38","1","1","100.0","3","1","66.7","22","34","39.3"
"Vancouver Canucks","2015/10/16  vs. STL","STL","1","0","1","0","0","0","3","4","34","32","0","5","0.0","4","0","100.0","31","30","50.8"
"Anaheim Ducks","2015/11/16  @ CAR","CAR","1","1","0","0","0","2","4","1","20","25","0","0","0.0","3","0","100.0","23","30","43.4"
"New Jersey Devils","2015/10/16  vs. SJS","SJS","1","0","0","0","1","1","1","1","32","34","1","6","16.7","1","0","100.0","22","37","37.3"
"Philadelphia Flyers","2015/11/14  @ CAR","CAR","1","1","0","0","0","2","3","2","19","21","0","1","0.0","3","1","66.7","24","22","52.2"
"St. Louis Blues","2015/11/12  @ NYR","NYR","1","0","1","0","0","0","3","6","34","22","1","3","33.3","2","1","50.0","32","23","58.2"
"Pittsburgh Penguins","2015/10/29  vs. BUF","BUF","1","1","0","0","0","2","4","3","29","53","1","1","100.0","2","0","100.0","31","33","48.4"
"Los Angeles Kings","2015/11/12  vs. NYI","NYI","1","1","0","0","0","2","2","1","22","32","1","3","33.3","3","0","100.0","27","32","45.8"
"Buffalo Sabres","2015/11/19  @ STL","STL","1","0","0","0","1","1","2","2","34","29","0","4","0.0","3","2","33.3","31","19","62.0"
"Carolina Hurricanes","2015/10/10  vs. DET","DET","1","0","1","0","0","0","3","4","47","19","1","6","16.7","1","0","100.0","27","27","50.0"
"Winnipeg Jets","2015/10/25  vs. MIN","MIN","1","1","0","0","0","2","5","4","33","30","0","1","0.0","5","1","80.0","36","29","55.4"
"Detroit Red Wings","2015/11/10  vs. WSH","WSH","1","1","0","0","0","2","1","0","27","38","0","1","0.0","3","0","100.0","22","19","53.7"
"Edmonton Oilers","2015/10/21  vs. DET","DET","1","1","0","0","0","2","3","1","28","29","1","3","33.3","6","0","100.0","24","34","41.4"
"New York Islanders","2015/11/13  @ ANA","ANA","1","1","0","0","0","2","4","1","29","25","0","5","0.0","3","1","66.7","26","34","43.3"
"St. Louis Blues","2015/11/17  @ CBJ","CBJ","1","0","1","0","0","0","1","3","20","38","0","2","0.0","4","0","100.0","25","30","45.5"
"San Jose Sharks","2015/11/03  vs. CBJ","CBJ","1","0","1","0","0","0","2","5","43","24","0","4","0.0","2","1","50.0","46","22","67.6"
"Arizona Coyotes","2015/11/10  @ LAK","LAK","1","1","0","0","0","2","3","2","25","35","0","3","0.0","2","1","50.0","29","30","49.2"
"Ottawa Senators","2015/10/14  @ CBJ","CBJ","1","1","0","0","0","2","7","3","27","41","1","3","33.3","4","1","75.0","30","40","42.9"
"Arizona Coyotes","2015/10/27  @ BOS","BOS","1","0","1","0","0","0","0","6","24","27","0","3","0.0","4","1","75.0","35","35","50.0"
"Washington Capitals","2015/10/20  @ CGY","CGY","1","1","0","0","0","2","6","2","30","19","0","3","0.0","2","0","100.0","34","30","53.1"
"Boston Bruins","2015/11/19  vs. MIN","MIN","1","1","0","0","0","2","4","2","38","26","1","4","25.0","3","0","100.0","22","26","45.8"
"Anaheim Ducks","2015/10/26  @ CHI","CHI","1","0","0","0","1","1","0","1","39","24","0","3","0.0","3","0","100.0","34","24","58.6"
"Detroit Red Wings","2015/11/03  vs. TBL","TBL","1","1","0","0","0","2","2","1","29","30","0","3","0.0","4","1","75.0","28","36","43.8"
"Carolina Hurricanes","2015/10/08  @ NSH","NSH","1","0","1","0","0","0","1","2","26","25","0","3","0.0","3","1","66.7","33","18","64.7"
"Washington Capitals","2015/10/30  vs. CBJ","CBJ","1","1","0","0","0","2","2","1","28","30","0","2","0.0","3","0","100.0","28","29","49.1"
"Nashville Predators","2015/11/05  @ MIN","MIN","1","1","0","0","0","2","3","2","24","29","0","1","0.0","6","2","66.7","32","37","46.4"
"Ottawa Senators","2015/11/19  vs. CBJ","CBJ","1","1","0","0","0","2","3","0","29","25","1","5","20.0","3","0","100.0","36","29","55.4"
"Philadelphia Flyers","2015/11/17  vs. LAK","LAK","1","0","0","0","1","1","2","2","38","40","1","5","20.0","2","1","50.0","38","21","64.4"
"Columbus Blue Jackets","2015/10/10  @ NYR","NYR","1","0","1","0","0","0","2","5","39","29","1","5","20.0","2","1","50.0","25","34","42.4"
"Florida Panthers","2015/10/15  vs. BUF","BUF","1","1","0","0","0","2","3","2","29","26","2","5","40.0","6","1","83.3","39","29","57.4"
"Washington Capitals","2015/10/10  vs. NJD","NJD","1","1","0","0","0","2","5","3","27","24","2","5","40.0","3","1","66.7","38","30","55.9"
"New Jersey Devils","2015/10/22  @ OTT","OTT","1","1","0","0","0","2","4","4","32","39","2","4","50.0","5","1","80.0","27","25","51.9"
"Arizona Coyotes","2015/11/05  vs. COL","COL","1","1","0","0","0","2","4","2","28","28","0","6","0.0","5","0","100.0","29","38","43.3"
"New Jersey Devils","2015/11/10  vs. STL","STL","1","0","1","0","0","0","0","2","24","28","0","1","0.0","2","0","100.0","26","22","54.2"
"Colorado Avalanche","2015/10/14  vs. BOS","BOS","1","0","1","0","0","0","2","6","22","25","1","4","25.0","2","0","100.0","25","28","47.2"
"St. Louis Blues","2015/10/27  vs. TBL","TBL","1","1","0","0","0","2","2","0","24","26","0","3","0.0","1","0","100.0","26","32","44.8"
"Chicago Blackhawks","2015/10/29  @ WPG","WPG","1","0","1","0","0","0","1","3","46","31","1","3","33.3","3","1","66.7","33","38","46.5"
"Minnesota Wild","2015/10/16  @ LAK","LAK","1","0","0","0","1","1","1","2","26","37","1","5","20.0","4","1","75.0","31","29","51.7"
"Columbus Blue Jackets","2015/10/12  @ BUF","BUF","1","0","1","0","0","0","2","4","24","33","2","3","66.7","7","3","57.1","27","26","50.9"
"New Jersey Devils","2015/10/31  vs. NYI","NYI","1","1","0","0","0","2","2","2","17","26","0","3","0.0","2","1","50.0","27","22","55.1"
"Philadelphia Flyers","2015/11/12  vs. WSH","WSH","1","0","1","0","0","0","2","5","20","32","1","4","25.0","3","2","33.3","26","33","44.1"
"Washington Capitals","2015/11/13  vs. CGY","CGY","1","0","0","0","1","1","2","3","36","29","0","2","0.0","2","0","100.0","33","32","50.8"
"San Jose Sharks","2015/11/07  vs. ANA","ANA","1","0","1","0","0","0","0","1","31","17","0","4","0.0","2","0","100.0","38","27","58.5"
"Dallas Stars","2015/10/22  @ PIT","PIT","1","1","0","0","0","2","4","1","23","34","1","3","33.3","5","0","100.0","36","35","50.7"
"Boston Bruins","2015/11/08  @ NYI","NYI","1","1","0","0","0","2","2","1","27","37","1","3","33.3","7","1","85.7","33","33","50.0"
"Winnipeg Jets","2015/10/31  @ CBJ","CBJ","1","1","0","0","0","2","3","2","27","21","1","3","33.3","5","0","100.0","36","28","56.3"
"Montréal Canadiens","2015/10/11  @ OTT","OTT","1","1","0","0","0","2","3","1","34","21","0","7","0.0","4","0","100.0","28","42","40.0"
"St. Louis Blues","2015/10/15  @ EDM","EDM","1","1","0","0","0","2","4","2","29","26","1","4","25.0","5","0","100.0","27","35","43.5"
"Los Angeles Kings","2015/10/25  @ EDM","EDM","1","1","0","0","0","2","3","2","34","28","1","2","50.0","2","1","50.0","24","29","45.3"
"Carolina Hurricanes","2015/10/21  @ COL","COL","1","1","0","0","0","2","1","0","19","26","0","5","0.0","4","0","100.0","25","29","46.3"
"Minnesota Wild","2015/10/15  @ ARI","ARI","1","1","0","0","0","2","4","3","24","30","1","5","20.0","7","0","100.0","30","42","41.7"
"Anaheim Ducks","2015/10/27  @ DAL","DAL","1","0","1","0","0","0","3","4","20","34","1","4","25.0","3","1","66.7","32","32","50.0"
"Philadelphia Flyers","2015/10/08  @ TBL","TBL","1","0","0","0","1","1","2","3","25","32","1","3","33.3","3","1","66.7","31","30","50.8"
"Arizona Coyotes","2015/11/07  vs. NYR","NYR","1","0","1","0","0","0","1","4","40","30","1","4","25.0","4","1","75.0","34","28","54.8"
"Florida Panthers","2015/11/16  vs. TBL","TBL","1","1","0","0","0","2","1","0","20","39","0","3","0.0","3","0","100.0","26","31","45.6"
"New York Rangers","2015/11/07  @ ARI","ARI","1","1","0","0","0","2","4","1","30","40","1","4","25.0","4","1","75.0","28","34","45.2"
"Arizona Coyotes","2015/10/20  @ NJD","NJD","1","0","0","0","1","1","2","3","20","25","1","5","20.0","3","0","100.0","34","32","51.5"
"New York Rangers","2015/10/25  vs. CGY","CGY","1","1","0","0","0","2","4","1","26","23","0","2","0.0","2","0","100.0","23","24","48.9"
"Dallas Stars","2015/11/17  @ BUF","BUF","1","1","0","0","0","2","3","1","29","25","0","1","0.0","3","1","66.7","46","29","61.3"
"New Jersey Devils","2015/11/06  vs. CHI","CHI","1","1","0","0","0","2","4","2","26","29","0","2","0.0","3","0","100.0","29","40","42.0"
"Vancouver Canucks","2015/11/04  vs. PIT","PIT","1","0","1","0","0","0","2","3","20","23","0","4","0.0","3","1","66.7","34","36","48.6"
"Columbus Blue Jackets","2015/11/10  vs. VAN","VAN","1","0","1","0","0","0","3","5","45","30","2","3","66.7","3","0","100.0","35","27","56.5"
"Pittsburgh Penguins","2015/10/28  @ WSH","WSH","1","1","0","0","0","2","3","1","25","34","0","3","0.0","3","0","100.0","35","29","54.7"
"Winnipeg Jets","2015/10/27  vs. LAK","LAK","1","0","1","0","0","0","1","4","25","32","0","1","0.0","1","0","100.0","26","23","53.1"
"Pittsburgh Penguins","2015/11/06  @ EDM","EDM","1","1","0","0","0","2","2","1","33","28","1","4","25.0","2","0","100.0","33","30","52.4"
"Chicago Blackhawks","2015/11/15  vs. CGY","CGY","1","1","0","0","0","2","4","1","41","26","0","1","0.0","2","0","100.0","32","25","56.1"
"Carolina Hurricanes","2015/11/06  vs. DAL","DAL","1","0","1","0","0","0","1","4","31","28","0","0","0.0","1","0","100.0","37","30","55.2"
"Washington Capitals","2015/10/13  vs. SJS","SJS","1","0","1","0","0","0","0","5","31","32","0","4","0.0","5","1","80.0","26","30","46.4"
"Carolina Hurricanes","2015/10/27  @ DET","DET","1","1","0","0","0","2","3","1","21","26","0","3","0.0","2","0","100.0","26","22","54.2"
"Nashville Predators","2015/10/20  vs. TBL","TBL","1","1","0","0","0","2","4","4","33","29","0","3","0.0","2","1","50.0","33","34","49.3"
"Montréal Canadiens","2015/11/19  vs. ARI","ARI","1","0","1","0","0","0","2","3","33","20","0","5","0.0","2","1","50.0","32","36","47.1"
"San Jose Sharks","2015/10/07  @ LAK","LAK","1","1","0","0","0","2","5","1","32","20","2","8","25.0","6","0","100.0","36","38","48.6"
"Dallas Stars","2015/10/31  vs. SJS","SJS","1","1","0","0","0","2","5","3","25","29","1","5","20.0","4","2","50.0","35","30","53.8"
"Ottawa Senators","2015/10/17  vs. NSH","NSH","1","0","0","0","1","1","3","3","41","25","0","2","0.0","6","2","66.7","40","33","54.8"
"Boston Bruins","2015/10/21  vs. PHI","PHI","1","0","0","0","1","1","4","5","30","37","1","3","33.3","2","1","50.0","24","33","42.1"
"Pittsburgh Penguins","2015/10/15  vs. OTT","OTT","1","1","0","0","0","2","2","0","36","22","0","3","0.0","3","0","100.0","30","33","47.6"
"Pittsburgh Penguins","2015/11/07  @ CGY","CGY","1","0","1","0","0","0","2","5","25","31","1","2","50.0","3","1","66.7","38","31","55.1"
"San Jose Sharks","2015/11/19  @ PHI","PHI","1","1","0","0","0","2","1","0","21","34","0","4","0.0","2","0","100.0","35","35","50.0"
"Calgary Flames","2015/10/30  vs. MTL","MTL","1","0","1","0","0","0","2","6","32","31","0","3","0.0","3","1","66.7","35","34","50.7"
"Toronto Maple Leafs","2015/11/10  @ DAL","DAL","1","1","0","0","0","2","3","2","30","38","1","1","100.0","1","0","100.0","36","31","53.7"
"Arizona Coyotes","2015/10/15  vs. MIN","MIN","1","0","1","0","0","0","3","4","30","24","0","7","0.0","5","1","80.0","42","30","58.3"
"Boston Bruins","2015/11/07  @ MTL","MTL","1","0","1","0","0","0","2","4","31","33","1","5","20.0","3","2","33.3","37","41","47.4"
"San Jose Sharks","2015/11/17  @ BOS","BOS","1","1","0","0","0","2","5","4","28","29","2","5","40.0","3","2","33.3","28","33","45.9"
"Tampa Bay Lightning","2015/10/10  @ BUF","BUF","1","1","0","0","0","2","4","1","31","25","0","3","0.0","2","0","100.0","24","35","40.7"
"Boston Bruins","2015/10/10  vs. MTL","MTL","1","0","1","0","0","0","2","4","21","38","1","4","25.0","6","1","83.3","30","37","44.8"
"Florida Panthers","2015/10/10  vs. PHI","PHI","1","1","0","0","0","2","7","1","30","39","3","7","42.9","4","1","75.0","38","36","51.3"
"New York Rangers","2015/11/03  vs. WSH","WSH","1","1","0","0","0","2","5","2","22","34","0","1","0.0","2","0","100.0","21","31","40.4"
"Minnesota Wild","2015/11/19  @ BOS","BOS","1","0","1","0","0","0","2","4","26","38","0","3","0.0","4","1","75.0","26","22","54.2"
"Vancouver Canucks","2015/11/08  @ NJD","NJD","1","0","0","0","1","1","3","4","31","28","0","6","0.0","5","1","80.0","44","36","55.0"
"New York Islanders","2015/11/08  vs. BOS","BOS","1","0","1","0","0","0","1","2","37","27","1","7","14.3","3","1","66.7","33","33","50.0"
"Tampa Bay Lightning","2015/11/05  @ BUF","BUF","1","1","0","0","0","2","4","1","22","31","0","3","0.0","2","0","100.0","23","23","50.0"
"Arizona Coyotes","2015/10/22  @ NYR","NYR","1","0","1","0","0","0","1","4","35","27","0","3","0.0","3","1","66.7","28","42","40.0"
"Philadelphia Flyers","2015/11/03  @ EDM","EDM","1","0","1","0","0","0","2","4","22","49","0","2","0.0","5","1","80.0","30","31","49.2"
"Vancouver Canucks","2015/10/30  @ ARI","ARI","1","1","0","0","0","2","4","3","22","31","1","4","25.0","2","0","100.0","21","33","38.9"
"Detroit Red Wings","2015/10/16  vs. CAR","CAR","1","0","1","0","0","0","3","5","20","36","0","2","0.0","3","1","66.7","23","31","42.6"
"Ottawa Senators","2015/10/22  vs. NJD","NJD","1","0","0","0","1","1","4","4","39","32","1","5","20.0","4","2","50.0","25","27","48.1"
"Minnesota Wild","2015/10/10  vs. STL","STL","1","1","0","0","0","2","3","2","19","32","1","3","33.3","3","1","66.7","28","25","52.8"
"St. Louis Blues","2015/10/31  vs. MIN","MIN","1","1","0","0","0","2","3","2","26","31","0","1","0.0","5","0","100.0","34","36","48.6"
"Minnesota Wild","2015/11/07  vs. TBL","TBL","1","1","0","0","0","2","1","0","25","31","0","3","0.0","2","0","100.0","23","21","52.3"
"Florida Panthers","2015/10/24  @ DAL","DAL","1","1","0","0","0","2","6","2","30","35","0","2","0.0","4","1","75.0","32","32","50.0"
"Detroit Red Wings","2015/10/31  @ OTT","OTT","1","1","0","0","0","2","5","3","28","36","2","3","66.7","3","0","100.0","36","35","50.7"
"Washington Capitals","2015/11/12  @ PHI","PHI","1","1","0","0","0","2","5","2","32","20","2","3","66.7","4","1","75.0","33","26","55.9"
"Vancouver Canucks","2015/11/02  vs. PHI","PHI","1","1","0","0","0","2","4","1","34","28","0","1","0.0","2","0","100.0","25","47","34.7"
"Anaheim Ducks","2015/11/17  @ NSH","NSH","1","0","1","0","0","0","2","3","40","21","0","5","0.0","6","1","83.3","27","26","50.9"
"Colorado Avalanche","2015/10/27  @ FLA","FLA","1","0","1","0","0","0","1","4","32","28","0","5","0.0","3","3","0.0","32","30","51.6"
"Ottawa Senators","2015/11/07  @ CAR","CAR","1","0","0","0","1","1","2","3","21","46","1","2","50.0","3","1","66.7","24","41","36.9"
"Florida Panthers","2015/10/13  @ CAR","CAR","1","1","0","0","0","2","4","1","30","23","0","3","0.0","4","0","100.0","24","19","55.8"
"New York Islanders","2015/10/20  @ CBJ","CBJ","1","1","0","0","0","2","4","0","29","37","0","1","0.0","6","0","100.0","20","32","38.5"
"Los Angeles Kings","2015/11/10  vs. ARI","ARI","1","0","1","0","0","0","2","3","35","25","1","2","50.0","3","0","100.0","30","29","50.8"
"Calgary Flames","2015/10/23  vs. DET","DET","1","1","0","0","0","2","3","2","40","29","0","3","0.0","4","2","50.0","30","32","48.4"
"Colorado Avalanche","2015/11/01  vs. SJS","SJS","1","0","1","0","0","0","3","4","26","32","2","4","50.0","1","0","100.0","29","33","46.8"
"Montréal Canadiens","2015/11/01  vs. WPG","WPG","1","1","0","0","0","2","5","1","26","19","1","5","20.0","3","0","100.0","31","33","48.4"
"Minnesota Wild","2015/10/18  @ ANA","ANA","1","0","1","0","0","0","1","4","35","22","0","1","0.0","2","0","100.0","37","33","52.8"
"St. Louis Blues","2015/11/04  @ CHI","CHI","1","1","0","0","0","2","6","5","29","43","1","2","50.0","5","1","80.0","35","42","45.5"
"Washington Capitals","2015/10/31  @ FLA","FLA","1","1","0","0","0","2","2","1","27","27","0","2","0.0","3","0","100.0","30","25","54.5"
"Dallas Stars","2015/11/10  vs. TOR","TOR","1","0","1","0","0","0","2","3","38","30","0","1","0.0","1","1","0.0","31","36","46.3"
"Boston Bruins","2015/10/08  vs. WPG","WPG","1","0","1","0","0","0","2","6","31","32","0","2","0.0","0","0","0.0","29","30","49.2"
"Toronto Maple Leafs","2015/11/07  @ WSH","WSH","1","0","0","0","1","1","2","2","25","31","1","3","33.3","6","1","83.3","22","34","39.3"
"New Jersey Devils","2015/11/12  @ CHI","CHI","1","1","0","0","0","2","3","2","22","29","1","3","33.3","5","1","80.0","26","20","56.5"
"Buffalo Sabres","2015/10/23  vs. MTL","MTL","1","0","1","0","0","0","2","7","36","26","1","4","25.0","3","2","33.3","27","39","40.9"
"New Jersey Devils","2015/11/08  vs. VAN","VAN","1","1","0","0","0","2","4","3","28","31","1","5","20.0","6","0","100.0","36","44","45.0"
"Buffalo Sabres","2015/10/12  vs. CBJ","CBJ","1","1","0","0","0","2","4","2","33","24","3","7","42.9","3","2","33.3","26","27","49.1"
"New York Rangers","2015/10/30  vs. TOR","TOR","1","1","0","0","0","2","3","1","26","25","0","3","0.0","0","0","0.0","22","33","40.0"
"Columbus Blue Jackets","2015/11/13  @ PIT","PIT","1","1","0","0","0","2","2","1","28","29","1","4","25.0","6","0","100.0","40","38","51.3"
"Carolina Hurricanes","2015/11/01  vs. TBL","TBL","1","0","1","0","0","0","3","4","35","31","1","2","50.0","4","1","75.0","21","28","42.9"
"Pittsburgh Penguins","2015/10/31  @ TOR","TOR","1","1","0","0","0","2","4","0","32","21","1","3","33.3","4","0","100.0","35","25","58.3"
"Los Angeles Kings","2015/10/27  @ WPG","WPG","1","1","0","0","0","2","4","1","32","25","0","1","0.0","1","0","100.0","23","26","46.9"
"Edmonton Oilers","2015/11/12  @ ARI","ARI","1","0","1","0","0","0","1","4","28","21","0","4","0.0","3","1","66.7","26","34","43.3"
"Pittsburgh Penguins","2015/10/08  @ DAL","DAL","1","0","1","0","0","0","0","3","37","24","0","3","0.0","5","2","60.0","40","38","51.3"
"Arizona Coyotes","2015/11/09  @ ANA","ANA","1","1","0","0","0","2","4","3","28","36","1","5","20.0","4","1","75.0","33","21","61.1"
"Tampa Bay Lightning","2015/10/13  @ DET","DET","1","0","1","0","0","0","1","3","21","24","0","3","0.0","3","1","66.7","31","26","54.4"
"Montréal Canadiens","2015/10/27  @ VAN","VAN","1","0","1","0","0","0","1","5","26","28","0","2","0.0","2","1","50.0","25","31","44.6"
"Nashville Predators","2015/11/10  vs. OTT","OTT","1","1","0","0","0","2","7","5","38","26","1","3","33.3","3","2","33.3","44","34","56.4"
"Boston Bruins","2015/10/27  vs. ARI","ARI","1","1","0","0","0","2","6","0","27","24","1","4","25.0","3","0","100.0","35","35","50.0"
"New Jersey Devils","2015/10/09  vs. WPG","WPG","1","0","1","0","0","0","1","3","21","30","1","4","25.0","4","1","75.0","34","26","56.7"
"Nashville Predators","2015/10/24  vs. PIT","PIT","1","0","0","0","1","1","1","2","39","25","0","3","0.0","3","0","100.0","23","32","41.8"
"Nashville Predators","2015/10/28  @ SJS","SJS","1","1","0","0","0","2","2","1","24","21","0","2","0.0","2","0","100.0","16","37","30.2"
"Winnipeg Jets","2015/10/08  @ BOS","BOS","1","1","0","0","0","2","6","2","32","31","0","0","0.0","2","0","100.0","30","29","50.8"
"Toronto Maple Leafs","2015/10/30  @ NYR","NYR","1","0","1","0","0","0","1","3","25","26","0","0","0.0","3","0","100.0","33","22","60.0"
"Florida Panthers","2015/11/07  @ LAK","LAK","1","0","1","0","0","0","1","4","19","35","0","3","0.0","1","1","0.0","28","40","41.2"
"Chicago Blackhawks","2015/10/14  @ PHI","PHI","1","0","1","0","0","0","0","3","30","29","0","5","0.0","6","1","83.3","30","26","53.6"
"Philadelphia Flyers","2015/11/19  vs. SJS","SJS","1","0","0","0","1","1","0","1","34","21","0","2","0.0","4","0","100.0","35","35","50.0"
"Chicago Blackhawks","2015/10/15  @ WSH","WSH","1","0","1","0","0","0","1","4","27","24","0","1","0.0","2","1","50.0","23","23","50.0"
"Detroit Red Wings","2015/10/10  @ CAR","CAR","1","1","0","0","0","2","4","3","19","47","0","1","0.0","6","1","83.3","27","27","50.0"
"Calgary Flames","2015/11/15  @ CHI","CHI","1","0","1","0","0","0","1","4","26","41","0","2","0.0","1","0","100.0","25","32","43.9"
"Columbus Blue Jackets","2015/10/31  vs. WPG","WPG","1","0","1","0","0","0","2","3","21","27","0","5","0.0","3","1","66.7","28","36","43.8"
"Dallas Stars","2015/11/08  @ DET","DET","1","1","0","0","0","2","4","1","26","22","1","3","33.3","5","1","80.0","31","34","47.7"
"Philadelphia Flyers","2015/10/20  vs. DAL","DAL","1","0","1","0","0","0","1","2","35","32","0","4","0.0","2","0","100.0","33","30","52.4"
"Tampa Bay Lightning","2015/10/29  vs. COL","COL","1","0","1","0","0","0","1","2","35","26","1","4","25.0","6","0","100.0","31","25","55.4"
"Buffalo Sabres","2015/10/27  @ PHI","PHI","1","1","0","0","0","2","4","3","40","33","1","2","50.0","2","0","100.0","31","29","51.7"
"Toronto Maple Leafs","2015/10/31  vs. PIT","PIT","1","0","1","0","0","0","0","4","21","32","0","4","0.0","3","1","66.7","25","35","41.7"
"Anaheim Ducks","2015/11/19  @ FLA","FLA","1","1","0","0","0","2","3","1","41","25","1","3","33.3","3","0","100.0","27","27","50.0"
"Colorado Avalanche","2015/10/10  vs. DAL","DAL","1","1","0","0","0","2","6","3","28","33","2","4","50.0","4","1","75.0","31","31","50.0"
"Los Angeles Kings","2015/10/09  vs. ARI","ARI","1","0","1","0","0","0","1","4","41","22","0","4","0.0","3","0","100.0","26","23","53.1"
"Nashville Predators","2015/11/14  vs. WPG","WPG","1","1","0","0","0","2","7","0","34","20","2","5","40.0","4","0","100.0","35","27","56.5"
"Toronto Maple Leafs","2015/10/07  vs. MTL","MTL","1","0","1","0","0","0","1","3","37","29","1","3","33.3","1","0","100.0","34","30","53.1"
"Philadelphia Flyers","2015/10/29  vs. NJD","NJD","1","0","1","0","0","0","1","4","28","33","0","2","0.0","5","2","60.0","29","38","43.3"
"Arizona Coyotes","2015/11/19  @ MTL","MTL","1","1","0","0","0","2","3","2","20","33","1","2","50.0","5","0","100.0","36","32","52.9"
"Toronto Maple Leafs","2015/10/10  vs. OTT","OTT","1","0","0","0","1","1","4","4","41","33","1","4","25.0","6","3","50.0","35","34","50.7"
"Edmonton Oilers","2015/11/03  vs. PHI","PHI","1","1","0","0","0","2","4","2","49","22","1","5","20.0","2","0","100.0","31","30","50.8"
"New York Rangers","2015/11/06  @ COL","COL","1","1","0","0","0","2","2","1","33","30","1","2","50.0","5","1","80.0","28","29","49.1"
"St. Louis Blues","2015/10/24  vs. NYI","NYI","1","0","0","0","1","1","2","3","40","22","0","5","0.0","3","1","66.7","26","29","47.3"
"Columbus Blue Jackets","2015/10/22  @ MIN","MIN","1","0","1","0","0","0","2","3","29","23","1","2","50.0","2","1","50.0","31","41","43.1"
"Chicago Blackhawks","2015/10/24  vs. TBL","TBL","1","1","0","0","0","2","1","0","32","21","0","3","0.0","4","0","100.0","30","24","55.6"
"Vancouver Canucks","2015/10/29  @ DAL","DAL","1","0","0","0","1","1","3","4","32","29","1","2","50.0","3","0","100.0","24","34","41.4"
"Boston Bruins","2015/11/12  vs. COL","COL","1","0","1","0","0","0","2","3","27","30","1","2","50.0","3","0","100.0","31","28","52.5"
"Winnipeg Jets","2015/10/16  vs. CGY","CGY","1","1","0","0","0","2","3","1","30","20","0","4","0.0","2","0","100.0","31","28","52.5"
"Calgary Flames","2015/10/07  vs. VAN","VAN","1","0","1","0","0","0","1","5","30","44","0","2","0.0","3","0","100.0","35","32","52.2"
"Buffalo Sabres","2015/10/21  vs. TOR","TOR","1","1","0","0","0","2","1","1","35","24","0","4","0.0","1","0","100.0","39","28","58.2"
"St. Louis Blues","2015/10/29  vs. ANA","ANA","1","1","0","0","0","2","2","1","34","23","0","5","0.0","4","1","75.0","38","26","59.4"
"Tampa Bay Lightning","2015/11/03  @ DET","DET","1","0","1","0","0","0","1","2","30","29","1","4","25.0","3","0","100.0","36","28","56.3"
"Vancouver Canucks","2015/10/12  @ ANA","ANA","1","1","0","0","0","2","1","1","25","29","0","2","0.0","2","0","100.0","22","19","53.7"
"New Jersey Devils","2015/10/27  vs. CBJ","CBJ","1","0","1","0","0","0","1","3","24","14","1","4","25.0","3","0","100.0","24","18","57.1"
"New Jersey Devils","2015/10/13  vs. NSH","NSH","1","0","1","0","0","0","1","3","23","20","1","2","50.0","2","1","50.0","33","35","48.5"
"Los Angeles Kings","2015/10/22  @ SJS","SJS","1","1","0","0","0","2","4","1","29","40","2","4","50.0","5","0","100.0","32","41","43.8"
"Chicago Blackhawks","2015/11/06  @ NJD","NJD","1","0","1","0","0","0","2","4","29","26","0","3","0.0","2","0","100.0","40","29","58.0"
"Dallas Stars","2015/10/24  vs. FLA","FLA","1","0","1","0","0","0","2","6","35","30","1","4","25.0","2","0","100.0","32","32","50.0"
"Minnesota Wild","2015/10/08  @ COL","COL","1","1","0","0","0","2","5","4","30","23","1","2","50.0","2","2","0.0","39","32","54.9"
"Anaheim Ducks","2015/10/14  vs. ARI","ARI","1","0","1","0","0","0","0","4","37","29","0","3","0.0","6","1","83.3","35","27","56.5"
"Washington Capitals","2015/11/05  vs. BOS","BOS","1","1","0","0","0","2","4","1","31","29","1","4","25.0","2","1","50.0","29","39","42.6"
"Calgary Flames","2015/10/10  @ VAN","VAN","1","1","0","0","0","2","3","2","38","30","1","2","50.0","4","1","75.0","35","34","50.7"
"Edmonton Oilers","2015/10/10  @ NSH","NSH","1","0","1","0","0","0","0","2","31","26","0","5","0.0","2","0","100.0","37","34","52.1"
"Pittsburgh Penguins","2015/10/13  vs. MTL","MTL","1","0","1","0","0","0","2","3","33","30","0","2","0.0","2","1","50.0","29","23","55.8"
"Tampa Bay Lightning","2015/11/12  vs. CGY","CGY","1","1","0","0","0","2","3","1","29","31","1","2","50.0","4","1","75.0","34","44","43.6"
"Columbus Blue Jackets","2015/11/03  @ SJS","SJS","1","1","0","0","0","2","5","2","24","43","1","2","50.0","4","0","100.0","22","46","32.4"
"Anaheim Ducks","2015/11/04  vs. FLA","FLA","1","1","0","0","0","2","2","2","39","25","1","5","20.0","3","0","100.0","39","32","54.9"
"Boston Bruins","2015/10/17  @ ARI","ARI","1","1","0","0","0","2","5","3","43","23","3","6","50.0","4","1","75.0","29","31","48.3"
"New York Rangers","2015/11/19  @ TBL","TBL","1","0","1","0","0","0","1","2","21","28","0","2","0.0","2","0","100.0","35","29","54.7"
"Florida Panthers","2015/11/05  @ SJS","SJS","1","0","1","0","0","0","2","5","33","32","1","3","33.3","2","0","100.0","27","28","49.1"
"Los Angeles Kings","2015/10/07  vs. SJS","SJS","1","0","1","0","0","0","1","5","20","32","0","6","0.0","8","2","75.0","38","36","51.3"
"Toronto Maple Leafs","2015/11/15  @ NYR","NYR","1","0","1","0","0","0","3","4","26","30","0","3","0.0","2","0","100.0","37","39","48.7"
"Boston Bruins","2015/11/17  vs. SJS","SJS","1","0","1","0","0","0","4","5","29","28","2","3","66.7","5","2","60.0","33","28","54.1"
"Carolina Hurricanes","2015/10/16  @ DET","DET","1","1","0","0","0","2","5","3","36","20","1","3","33.3","2","0","100.0","31","23","57.4"
"Toronto Maple Leafs","2015/11/02  vs. DAL","DAL","1","1","0","0","0","2","4","1","26","44","2","5","40.0","2","0","100.0","43","39","52.4"
"Philadelphia Flyers","2015/10/14  vs. CHI","CHI","1","1","0","0","0","2","3","0","29","30","1","6","16.7","5","0","100.0","26","30","46.4"
"Tampa Bay Lightning","2015/10/24  @ CHI","CHI","1","0","0","0","1","1","0","1","21","32","0","4","0.0","3","0","100.0","24","30","44.4"
"Anaheim Ducks","2015/11/01  vs. NSH","NSH","1","1","0","0","0","2","4","2","28","42","0","2","0.0","6","1","83.3","32","29","52.5"
"New York Rangers","2015/10/13  vs. WPG","WPG","1","0","1","0","0","0","1","4","41","29","0","5","0.0","5","2","60.0","34","22","60.7"
"Calgary Flames","2015/10/13  vs. STL","STL","1","0","1","0","0","0","3","4","18","28","1","4","25.0","1","1","0.0","20","36","35.7"
